subj,stage,region,n_voxels,pval,rval
01,early_practice,BA17L,157,1.9887338878551395e-47,0.7207516021558644
01,early_practice,BA17R,151,2.55846193091033e-16,0.4577015197102538
01,early_practice,BA18L,724,5.994778033977718e-50,0.733852257811977
01,early_practice,BA18R,717,7.038450266511746e-49,0.728385989204984
01,early_practice,BA19L,761,5.343785644053004e-13,0.4083201404044811
01,early_practice,BA19R,800,1.8559661273434365e-19,0.4980233445818105
01,early_practice,BA20L,360,0.005038462283684934,0.16484539221022748
01,early_practice,BA20R,359,0.00010194633846446444,0.22697119393562598
01,early_practice,BA37L,308,0.1038485275644578,0.09603700420234461
01,early_practice,BA37R,302,0.001515266667200033,0.18607117921315924
01,early_practice,BA38L,304,9.622483899649086e-07,0.2839591204892923
01,early_practice,BA38R,302,0.0013625667479702347,0.1878414430669399
01,late_practice,BA17L,157,3.4768137129058844e-05,0.24137062767365788
01,late_practice,BA17R,151,3.6247899746119037e-09,0.338823613137046
01,late_practice,BA18L,724,5.0078636940960234e-11,0.3746209121357093
01,late_practice,BA18R,717,5.72628048432788e-08,0.31308342926396515
01,late_practice,BA19L,761,3.3401899674309796e-06,0.2699977829045977
01,late_practice,BA19R,800,0.1542238108365457,0.08417236004108641
01,late_practice,BA20L,360,0.8772715868767108,-0.009139365579546978
01,late_practice,BA20R,359,0.1901313369506559,0.07742450631479016
01,late_practice,BA37L,308,0.6041921029533149,0.030672128226940425
01,late_practice,BA37R,302,0.8751884513532124,-0.00929575742312765
01,late_practice,BA38L,304,0.07980951030458021,0.10339818720785349
01,late_practice,BA38R,302,0.18265404328977,0.07874630925706823
02,early_practice,BA17L,157,3.794838103713708e-19,0.49426278981663263
02,early_practice,BA17R,151,2.3746670337522e-20,0.5085825909022392
02,early_practice,BA18L,724,6.605839523956019e-40,0.6766487306316034
02,early_practice,BA18R,717,8.115017340008354e-35,0.6416921741328562
02,early_practice,BA19L,761,1.00040052103734e-21,0.5241614473123324
02,early_practice,BA19R,800,2.9010320800597554e-26,0.5704873008111373
02,early_practice,BA20L,360,0.8296293885975277,0.012734288196921231
02,early_practice,BA20R,359,0.5670321806815581,0.033868245425308946
02,early_practice,BA37L,308,0.004435749090790672,0.16721121974829362
02,early_practice,BA37R,302,0.19597971844297155,0.076416970680795
02,early_practice,BA38L,304,0.02662165882201155,0.1306469711949031
02,early_practice,BA38R,302,0.001971278886976361,0.18161767774412252
02,late_practice,BA17L,157,9.637580002550913e-23,0.5351772083551449
02,late_practice,BA17R,151,6.807684359160961e-35,0.6422518786234445
02,late_practice,BA18L,724,1.5323439511311118e-33,0.6321543562871748
02,late_practice,BA18R,717,4.4745054447196234e-54,0.753742855953585
02,late_practice,BA19L,761,2.0859397223564506e-19,0.4974123205649271
02,late_practice,BA19R,800,4.90769261086895e-25,0.5586414916760237
02,late_practice,BA20L,360,0.0036794212546477755,0.17062945344950897
02,late_practice,BA20R,359,0.8880740934682905,0.00832935759235425
02,late_practice,BA37L,308,0.11874605946660795,0.0921323888972096
02,late_practice,BA37R,302,0.44412772793662847,0.04526603176210355
02,late_practice,BA38L,304,0.02023683268353948,0.1367721380561798
02,late_practice,BA38R,302,0.8870848057480009,0.008403470873621442
05,early_practice,BA17L,157,6.779373449927234e-19,0.4911775837932807
05,early_practice,BA17R,151,2.1088937633218456e-09,0.34360739219650405
05,early_practice,BA18L,724,3.1325631348657455e-42,0.691151356981371
05,early_practice,BA18R,717,8.701762311252816e-35,0.6414694232601121
05,early_practice,BA19L,761,5.483773801438329e-21,0.5158917721423706
05,early_practice,BA19R,800,8.323738939875819e-15,0.4361969765291623
05,early_practice,BA20L,360,0.5892424114389464,0.03194674082183628
05,early_practice,BA20R,359,0.2303491831094427,0.07089821033932586
05,early_practice,BA37L,308,0.5308884210517943,0.03707426677246127
05,early_practice,BA37R,302,0.049150055435858125,0.11603630797289231
05,early_practice,BA38L,304,0.49080711814573774,0.04076161985794906
05,early_practice,BA38R,302,0.3310375685464084,0.05747979548967943
05,late_practice,BA17L,157,8.322257125369136e-20,0.5021859491695557
05,late_practice,BA17R,151,2.6680142050270174e-44,0.7033839469545178
05,late_practice,BA18L,724,1.429407244543883e-53,0.7514091198916475
05,late_practice,BA18R,717,2.984917907690498e-64,0.7957764213412639
05,late_practice,BA19L,761,5.327889241997919e-11,0.37413344228571693
05,late_practice,BA19R,800,1.231888568643707e-42,0.6935959722084559
05,late_practice,BA20L,360,0.43664765963138386,0.046012052128572935
05,late_practice,BA20R,359,0.00022805985068165751,0.21556165016212436
05,late_practice,BA37L,308,0.18924927056259772,0.07757842559136764
05,late_practice,BA37R,302,0.41182301286928724,0.04854219994979572
05,late_practice,BA38L,304,0.023365780718767507,0.13358941994763812
05,late_practice,BA38R,302,0.07330644325201355,0.10569473946349645
07,early_practice,BA17L,157,6.44240288276918e-10,0.35380723413332416
07,early_practice,BA17R,151,2.7916799839523364e-07,0.2971287910974766
07,early_practice,BA18L,724,3.166880302181562e-14,0.4275240794926869
07,early_practice,BA18R,717,1.7776755159036046e-08,0.3242878415730559
07,early_practice,BA19L,761,0.00014210281841142225,0.2223356706303027
07,early_practice,BA19R,800,3.6747532244839475e-08,0.31738650251327
07,early_practice,BA20L,360,0.8204219873311891,0.013434056905611155
07,early_practice,BA20R,359,0.5688462106791948,-0.0337099931231621
07,early_practice,BA37L,308,0.00017211593588075964,0.21961670390876903
07,early_practice,BA37R,302,0.0002317850675683919,0.2153259097377992
07,early_practice,BA38L,304,0.21611613523386308,0.07310668455543415
07,early_practice,BA38R,302,0.05496751113440577,0.11321451938933241
07,late_practice,BA17L,157,7.123424244889314e-90,0.8701076701614343
07,late_practice,BA17R,151,1.6639146693410153e-90,0.8715172996205267
07,late_practice,BA18L,724,9.94214494172431e-78,0.8394611127196876
07,late_practice,BA18R,717,2.989192705767125e-96,0.8836115809570566
07,late_practice,BA19L,761,3.547848960751743e-16,0.45574585619960406
07,late_practice,BA19R,800,1.2419109160122961e-30,0.6090904354858164
07,late_practice,BA20L,360,0.9039299622977475,-0.0071431935649189995
07,late_practice,BA20R,359,0.1349758124293808,0.0882917470892253
07,late_practice,BA37L,308,0.3301451762037915,0.05758578903789663
07,late_practice,BA37R,302,0.11512314982676078,0.09304494887594093
07,late_practice,BA38L,304,0.9622909232549164,0.0027981008951355087
07,late_practice,BA38R,302,0.22731808546582138,0.07136022750969544
08,early_practice,BA17L,157,3.484210618294053e-06,0.26951042173210144
08,early_practice,BA17R,151,0.006389397348231016,0.1603520409686071
08,early_practice,BA18L,724,1.9954710606697964e-09,0.34409113329384294
08,early_practice,BA18R,717,1.733378557970097e-08,0.3245245676554926
08,early_practice,BA19L,761,0.002775167542308348,0.17567299648659482
08,early_practice,BA19R,800,3.784975358701411e-09,0.3384381576975675
08,early_practice,BA20L,360,0.5399149278208087,-0.03626376043675932
08,early_practice,BA20R,359,0.027721011963230315,-0.12972328317899956
08,early_practice,BA37L,308,0.30405858144270925,0.060770156394618684
08,early_practice,BA37R,302,0.6993295202346137,0.022854990212187724
08,early_practice,BA38L,304,0.0057412596829021,0.1623889376888194
08,early_practice,BA38R,302,0.030494511791140554,0.1275254058520529
08,late_practice,BA17L,157,1.0382618292305234e-14,0.4347794126543124
08,late_practice,BA17R,151,7.219060136695818e-19,0.49084157840803994
08,late_practice,BA18L,724,1.0768945023822366e-44,0.705643855260152
08,late_practice,BA18R,717,5.975916219200205e-60,0.7791123486562102
08,late_practice,BA19L,761,9.516203968122734e-17,0.46354239150228865
08,late_practice,BA19R,800,5.106457878070138e-14,0.42436188015227516
08,late_practice,BA20L,360,3.283223326173703e-09,0.3397038240855217
08,late_practice,BA20R,359,0.2823695965196655,0.06355800271573644
08,late_practice,BA37L,308,0.08743638708589992,0.10089007900371166
08,late_practice,BA37R,302,0.48995995488775534,0.040841231108573794
08,late_practice,BA38L,304,0.06372726143871064,0.1094005370219508
08,late_practice,BA38R,302,0.03989170014811126,0.12116477977378762
11,early_practice,BA17L,157,2.5586609634723452e-05,0.24531694308904137
11,early_practice,BA17R,151,1.4935941142606314e-05,0.2520900114248273
11,early_practice,BA18L,724,1.4055099661876508e-14,0.43282620147432543
11,early_practice,BA18R,717,3.2134852738653654e-06,0.27044341776706093
11,early_practice,BA19L,761,0.0015822972165288793,0.1853452658680675
11,early_practice,BA19R,800,2.233497562017974e-09,0.343104206914017
11,early_practice,BA20L,360,0.14196672211404462,0.086746632435955
11,early_practice,BA20R,359,0.25680947830954215,0.06703584166900683
11,early_practice,BA37L,308,0.14602734659195432,0.08587570624810643
11,early_practice,BA37R,302,0.5758868956329486,0.03309803160778339
11,early_practice,BA38L,304,0.4985462171221609,0.0400377108621348
11,early_practice,BA38R,302,0.014362971482095307,0.1441259007238841
11,late_practice,BA17L,157,8.529248652982491e-21,0.5137074359936098
11,late_practice,BA17R,151,1.2737541814936035e-35,0.6475343318831656
11,late_practice,BA18L,724,3.1325741068062092e-49,0.7301974035120615
11,late_practice,BA18R,717,5.882736158870712e-69,0.8123861404514827
11,late_practice,BA19L,761,4.76645699979083e-17,0.4675603512360147
11,late_practice,BA19R,800,1.0527551500447508e-12,0.40352362598265157
11,late_practice,BA20L,360,0.04724653020684487,0.11702018823865462
11,late_practice,BA20R,359,0.004248474659981825,0.16800550151461918
11,late_practice,BA37L,308,0.96988103477919,0.002234597119034107
11,late_practice,BA37R,302,0.11549350650233232,0.09295063982399562
11,late_practice,BA38L,304,0.021421853230739474,0.13551966807274118
11,late_practice,BA38R,302,0.3434677051944647,0.05602208249171945
12,early_practice,BA17L,157,1.0914840575134812e-13,0.4192649927456645
12,early_practice,BA17R,151,6.431655569648442e-09,0.33366858653357323
12,early_practice,BA18L,724,2.954153458960564e-20,0.5074784542641082
12,early_practice,BA18R,717,1.1893818746159832e-30,0.6092455415448832
12,early_practice,BA19L,761,9.99011951291667e-09,0.3296442109952527
12,early_practice,BA19R,800,1.0831517364324156e-10,0.3684912491564485
12,early_practice,BA20L,360,2.50520933654903e-06,0.2732938175759617
12,early_practice,BA20R,359,2.241338120876454e-11,0.38087480919100547
12,early_practice,BA37L,308,0.1497726218624347,0.08508861512951289
12,early_practice,BA37R,302,0.2532783709475717,-0.06753472543249842
12,early_practice,BA38L,304,0.09280717294574295,0.09922742320032554
12,early_practice,BA38R,302,0.03613141518512236,0.12353920405580171
12,late_practice,BA17L,157,2.9382971768189075e-29,0.5974985722193952
12,late_practice,BA17R,151,8.761285910478741e-27,0.5753616378874976
12,late_practice,BA18L,724,7.610500323388567e-39,0.6697361295864196
12,late_practice,BA18R,717,1.858192767978708e-36,0.6534747367534415
12,late_practice,BA19L,761,2.2686002034584543e-05,0.24684764465158987
12,late_practice,BA19R,800,2.4715826997688912e-27,0.5804266116333225
12,late_practice,BA20L,360,0.0009576598023667721,0.19360959260179067
12,late_practice,BA20R,359,0.1688190898056853,0.08130135449701756
12,late_practice,BA37L,308,0.21416961890226674,0.07341671531349582
12,late_practice,BA37R,302,0.012992547375064643,0.14621794225102164
12,late_practice,BA38L,304,1.2417322341963332e-05,0.2543703330624608
12,late_practice,BA38R,302,0.029100136031628747,0.12860796418321166
13,early_practice,BA17L,157,1.5280722004232152e-15,0.4468545829399613
13,early_practice,BA17R,151,9.719058511438318e-14,0.4200491522904729
13,early_practice,BA18L,724,8.875235520716974e-37,0.655720102947211
13,early_practice,BA18R,717,1.3196203455248704e-27,0.5829058545735122
13,early_practice,BA19L,761,1.4630322315746102e-33,0.6323072332339361
13,early_practice,BA19R,800,8.970154690777503e-29,0.5932941195202261
13,early_practice,BA20L,360,1.7179449399853464e-05,0.2503475599803413
13,early_practice,BA20R,359,0.022933026212809432,0.13400677401039815
13,early_practice,BA37L,308,0.3361865411936675,0.05687178575201686
13,early_practice,BA37R,302,0.00012861948349971613,0.22373726290394935
13,early_practice,BA38L,304,1.5100332044154897e-08,0.32581503302841563
13,early_practice,BA38R,302,0.0031822998902216707,0.17324166023081158
13,late_practice,BA17L,157,1.7322326950477855e-14,0.43147083876212494
13,late_practice,BA17R,151,1.3717983776021102e-11,0.3846294889325619
13,late_practice,BA18L,724,2.1363256530752673e-35,0.645915637719003
13,late_practice,BA18R,717,8.468465542337277e-15,0.43608665628006077
13,late_practice,BA19L,761,1.7919257562717792e-06,0.2770797436250444
13,late_practice,BA19R,800,8.019777956572381e-17,0.46454156564149274
13,late_practice,BA20L,360,0.002943876953123577,0.17462858562574113
13,late_practice,BA20R,359,0.17163967694234936,0.0807681507329967
13,late_practice,BA37L,308,0.005765247000245796,0.16230996155351632
13,late_practice,BA37R,302,0.29733459324278977,0.061619844683635405
13,late_practice,BA38L,304,0.04960162030763565,0.11580758642230354
13,late_practice,BA38R,302,0.006526955368188561,0.15994368414766258
14,early_practice,BA17L,157,0.00010022143165469878,0.22720682354722296
14,early_practice,BA17R,151,1.5917277022148576e-06,0.27840488400663366
14,early_practice,BA18L,724,5.833888067850423e-06,0.26348145095700237
14,early_practice,BA18R,717,1.5381287760279098e-09,0.3463578869258218
14,early_practice,BA19L,761,2.9023345353166064e-11,0.3788788710032671
14,early_practice,BA19R,800,1.1094759855791628e-12,0.40314918469469907
14,early_practice,BA20L,360,3.078828234500835e-09,0.3402740060248941
14,early_practice,BA20R,359,8.217433196637548e-07,0.2856765780124958
14,early_practice,BA37L,308,0.3933343111415094,0.05048552607992305
14,early_practice,BA37R,302,0.03157716165930586,0.12671366494868636
14,early_practice,BA38L,304,0.0017705154796944427,0.18344798969239015
14,early_practice,BA38R,302,6.592709418880636e-08,0.31170220067111476
14,late_practice,BA17L,157,2.1322437208699993e-25,0.5621826670149358
14,late_practice,BA17R,151,7.750222131963936e-26,0.5664254200982103
14,late_practice,BA18L,724,7.485645998328894e-41,0.6826522372564919
14,late_practice,BA18R,717,9.381769597655081e-38,0.6624325543277647
14,late_practice,BA19L,761,9.623975218669464e-07,0.28395742866638596
14,late_practice,BA19R,800,6.659272379136494e-07,0.2879466365637229
14,late_practice,BA20L,360,0.25127505768302044,0.06781990302378436
14,late_practice,BA20R,359,0.07432619500036186,0.1053239550920633
14,late_practice,BA37L,308,0.8199347092001116,0.01347114162721217
14,late_practice,BA37R,302,0.7524743993995066,0.018663395467489574
14,late_practice,BA38L,304,0.35948033254606593,0.054192773002670024
14,late_practice,BA38R,302,0.048241090865422304,0.1165020781095022
15,early_practice,BA17L,157,7.687999306985104e-17,0.46478781327040736
15,early_practice,BA17R,151,9.477583174841937e-05,0.22797654076810697
15,early_practice,BA18L,724,8.694862445748362e-27,0.575392361971181
15,early_practice,BA18R,717,7.728184064007115e-17,0.46475743900027006
15,early_practice,BA19L,761,6.113654496665915e-24,0.5476621724095478
15,early_practice,BA19R,800,6.055285814974344e-11,0.37312377320304757
15,early_practice,BA20L,360,0.3932084812266501,0.05049893723795921
15,early_practice,BA20R,359,0.6201463951782201,0.029327296974503838
15,early_practice,BA37L,308,0.004182205801678338,0.16829414584692376
15,early_practice,BA37R,302,0.01866088497397133,0.13854035568601697
15,early_practice,BA38L,304,0.033800311094874295,0.1251185966550475
15,early_practice,BA38R,302,0.7670559887585744,0.017530297864475797
15,late_practice,BA17L,157,3.3208347470173165e-31,0.613786233337781
15,late_practice,BA17R,151,1.8880067283684502e-30,0.607582687592442
15,late_practice,BA18L,724,3.0090390607650297e-34,0.6374796107662458
15,late_practice,BA18R,717,2.3245866876175715e-38,0.6665149072497489
15,late_practice,BA19L,761,3.318812401124955e-28,0.5882858476115106
15,late_practice,BA19R,800,4.99796594054508e-28,0.5867004763105872
15,late_practice,BA20L,360,0.434617158199425,0.04621582207715319
15,late_practice,BA20R,359,0.6864231839670812,0.023889563699510633
15,late_practice,BA37L,308,0.0026853357636617684,0.17625287674700038
15,late_practice,BA37R,302,1.376229418399377e-05,0.25310316845915304
15,late_practice,BA38L,304,0.01728708178970841,0.14019118583642415
15,late_practice,BA38R,302,0.329247786306452,0.05769256239267562
18,early_practice,BA17L,157,2.562570466135793e-15,0.44364340541726877
18,early_practice,BA17R,151,6.57077210195218e-17,0.4657012955799075
18,early_practice,BA18L,724,1.34010038052248e-22,0.5336493935999416
18,early_practice,BA18R,717,1.7669646458065247e-31,0.6160049651538628
18,early_practice,BA19L,761,1.6702324351920597e-08,0.3248723301861468
18,early_practice,BA19R,800,7.146961282563995e-15,0.43717073881888396
18,early_practice,BA20L,360,1.0691770099689885e-06,0.28280619598468465
18,early_practice,BA20R,359,0.0006143388290633916,0.20064826529865862
18,early_practice,BA37L,308,0.00811636980591253,0.15571178776948158
18,early_practice,BA37R,302,0.02393300113253407,0.13305237734936537
18,early_practice,BA38L,304,0.003505210203026947,0.1715063633852569
18,early_practice,BA38R,302,3.3792761816233026e-05,0.24173963267361953
18,late_practice,BA17L,157,5.178366104371656e-23,0.5380351557582477
18,late_practice,BA17R,151,3.538716061648523e-08,0.31774931584230603
18,late_practice,BA18L,724,2.3852173178322274e-23,0.5415639771502432
18,late_practice,BA18R,717,2.395627185708634e-37,0.6596531052182417
18,late_practice,BA19L,761,9.825782643511417e-09,0.3297968528912608
18,late_practice,BA19R,800,2.5431538930819632e-17,0.4711658261206016
18,late_practice,BA20L,360,0.5934906982815767,0.03158305391684067
18,late_practice,BA20R,359,0.020872463133289644,0.13609265564035086
18,late_practice,BA37L,308,0.22844636657271453,0.07118774156067617
18,late_practice,BA37R,302,0.5758016260356168,0.03310542188835475
18,late_practice,BA38L,304,0.010344527004697427,0.15088098522418542
18,late_practice,BA38R,302,0.20358492245361653,0.07513903292176727
19,early_practice,BA17L,157,8.907031704928954e-09,0.33069855178794627
19,early_practice,BA17R,151,4.852601554620284e-08,0.3146973855394565
19,early_practice,BA18L,724,1.1279368607023263e-08,0.32852464302269885
19,early_practice,BA18R,717,1.1618706374392425e-20,0.5121693964007175
19,early_practice,BA19L,761,1.3349308362595995e-06,0.28036021775662767
19,early_practice,BA19R,800,5.993930551121355e-05,0.2341929131090267
19,early_practice,BA20L,360,0.0991973740664072,0.0973464380087398
19,early_practice,BA20R,359,0.024327592483350386,0.13268521992634352
19,early_practice,BA37L,308,0.5586179907135256,0.03460547063095926
19,early_practice,BA37R,302,0.2778472828231243,0.06415725272603012
19,early_practice,BA38L,304,0.3204894961558543,-0.058744658053058646
19,early_practice,BA38R,302,0.054927430924209465,0.11323309238706812
19,late_practice,BA17L,157,1.8262551883240261e-25,0.5628360503475209
19,late_practice,BA17R,151,4.124536208003718e-24,0.5494022358173261
19,late_practice,BA18L,724,1.634259388151109e-56,0.7646623751898064
19,late_practice,BA18R,717,1.915272146251584e-72,0.8237159459716203
19,late_practice,BA19L,761,7.181524977054968e-23,0.5365339699021088
19,late_practice,BA19R,800,2.0428572773834558e-51,0.7411376364771891
19,late_practice,BA20L,360,7.749363485291496e-06,0.26009661579565924
19,late_practice,BA20R,359,3.6374623535017527e-06,0.2690124877801852
19,late_practice,BA37L,308,0.0013483869210353682,0.18801494711371317
19,late_practice,BA37R,302,0.0019562646700655197,0.18174852273139197
19,late_practice,BA38L,304,2.114781049937271e-05,0.24773633105180395
19,late_practice,BA38R,302,1.6422020800127262e-05,0.2509103708010619
20,early_practice,BA17L,157,1.0910867664314204e-16,0.46274130872303987
20,early_practice,BA17R,151,2.520550886276489e-29,0.5980714814121917
20,early_practice,BA18L,724,7.244242557376574e-15,0.437084493910016
20,early_practice,BA18R,717,1.8726008841203665e-33,0.6314910615424019
20,early_practice,BA19L,761,1.297107247792149e-22,0.5338008619683836
20,early_practice,BA19R,800,1.7360305291790327e-12,0.39993537593094347
20,early_practice,BA20L,360,0.01419401636916577,-0.14437409659046418
20,early_practice,BA20R,359,0.8637543046392925,0.010155359415145365
20,early_practice,BA37L,308,0.03116505812910617,0.12701980622461384
20,early_practice,BA37R,302,0.5086375818777892,0.03910263434391373
20,early_practice,BA38L,304,0.0008714575300912954,0.1951252685305275
20,early_practice,BA38R,302,0.020859948351378232,0.13610585954341792
20,late_practice,BA17L,157,9.76586399591971e-33,0.6259662289419886
20,late_practice,BA17R,151,3.996875506769588e-23,0.539218678691114
20,late_practice,BA18L,724,1.863775250235831e-36,0.6534655823568617
20,late_practice,BA18R,717,2.8047728175547057e-24,0.5510974015023136
20,late_practice,BA19L,761,2.1758671611457045e-10,0.3628352249861245
20,late_practice,BA19R,800,1.9744957749695364e-06,0.27598934453921076
20,late_practice,BA20L,360,0.404360351148053,0.04932020441226162
20,late_practice,BA20R,359,0.9530629820112447,-0.003483545147631807
20,late_practice,BA37L,308,0.1303717808150358,0.08934322925281404
20,late_practice,BA37R,302,0.200723997649296,0.07561563231225854
20,late_practice,BA38L,304,0.5379967353786268,-0.03643542734860732
20,late_practice,BA38R,302,0.5217545514395868,0.037901526043946324
21,early_practice,BA17L,157,1.1756670982675197e-18,0.48822122720318095
21,early_practice,BA17R,151,0.00037460065414757183,0.20822280914921293
21,early_practice,BA18L,724,1.2496971133981661e-42,0.6935585620296421
21,early_practice,BA18R,717,1.357644477923558e-35,0.6473352082754811
21,early_practice,BA19L,761,1.536049476875163e-10,0.3656724730131446
21,early_practice,BA19R,800,9.129698678563439e-13,0.40453778793243106
21,early_practice,BA20L,360,1.220814141561547e-07,0.30557764806515275
21,early_practice,BA20R,359,3.1001232683735825e-06,0.2708565698110953
21,early_practice,BA37L,308,4.102543121002347e-05,0.2392129249874687
21,early_practice,BA37R,302,0.19928275288436362,0.07585759742180881
21,early_practice,BA38L,304,0.22667315555151715,-0.07145909395800934
21,early_practice,BA38R,302,0.0077806336334083626,0.15653987394926017
21,late_practice,BA17L,157,6.1766442681685925e-59,0.774957738056816
21,late_practice,BA17R,151,8.11913323654581e-14,0.4212606655831945
21,late_practice,BA18L,724,4.486183907696487e-55,0.7582883358387438
21,late_practice,BA18R,717,2.7541707490097644e-65,0.7995681287247162
21,late_practice,BA19L,761,6.971616012786525e-48,0.723174454575475
21,late_practice,BA19R,800,5.613021791121289e-29,0.5950677523605508
21,late_practice,BA20L,360,0.0011009220593211123,0.1913487236711046
21,late_practice,BA20R,359,0.11644273298724077,0.09271000043540659
21,late_practice,BA37L,308,0.7065983827522845,0.022275382722474996
21,late_practice,BA37R,302,0.8093835433729824,-0.01427546517790141
21,late_practice,BA38L,304,0.0031030169013120668,0.1736920744802835
21,late_practice,BA38R,302,0.03339688796104032,0.1254012731428884
23,early_practice,BA17L,157,3.0202157884315536e-24,0.5507728323013529
23,early_practice,BA17R,151,6.454199259591743e-28,0.58570592389924
23,early_practice,BA18L,724,7.94367939446134e-19,0.4903294183153754
23,early_practice,BA18R,717,1.0744989695244914e-18,0.4887063834356365
23,early_practice,BA19L,761,9.141087429431867e-07,0.28451880675715324
23,early_practice,BA19R,800,5.426706580439676e-13,0.40821206422403844
23,early_practice,BA20L,360,0.01805848303243505,0.13925073316502706
23,early_practice,BA20R,359,0.3242013970592675,0.05829651823898527
23,early_practice,BA37L,308,0.05575136576457788,0.1128535226336222
23,early_practice,BA37R,302,0.3539333984713944,0.054820545270194324
23,early_practice,BA38L,304,0.5662459916958918,0.03393690587239631
23,early_practice,BA38R,302,0.39348791701246966,0.050469158018668955
23,late_practice,BA17L,157,1.1864894621393854e-16,0.4622492705842759
23,late_practice,BA17R,151,2.5463786642124096e-15,0.4436829811386932
23,late_practice,BA18L,724,2.6706311697749056e-18,0.483761504022525
23,late_practice,BA18R,717,4.3990529850790426e-26,0.5687732475005474
23,late_practice,BA19L,761,0.00010428595530405291,0.22665750453278888
23,late_practice,BA19R,800,6.215964717149417e-11,0.3729167214164
23,late_practice,BA20L,360,0.29569804375241016,0.06182857660789459
23,late_practice,BA20R,359,0.048355141094170176,0.11644323650945462
23,late_practice,BA37L,308,0.10333290738289864,0.09617984984476528
23,late_practice,BA37R,302,0.8503381915456409,0.011166701286014588
23,late_practice,BA38L,304,0.48919787448232416,-0.04091290975473862
23,late_practice,BA38R,302,0.721771482873548,0.021072249285081918
26,early_practice,BA17L,157,0.001371253830675546,0.1877359647290142
26,early_practice,BA17R,151,2.137364708208722e-08,0.32255300494937145
26,early_practice,BA18L,724,2.6356223518116217e-10,0.3612613491538574
26,early_practice,BA18R,717,1.081752323362734e-15,0.4489813545938266
26,early_practice,BA19L,761,0.0008542945694872364,0.1954434691702301
26,early_practice,BA19R,800,1.5781853401868822e-07,0.3029835459857266
26,early_practice,BA20L,360,0.001036386781420639,0.19233144804407767
26,early_practice,BA20R,359,0.017043191769516196,0.1404961437796879
26,early_practice,BA37L,308,0.14023067156619468,0.08712479415499584
26,early_practice,BA37R,302,0.4409109243372163,0.0455859726883773
26,early_practice,BA38L,304,0.2603849841423709,0.066535488789091
26,early_practice,BA38R,302,0.6791513955581417,0.024475667108032784
26,late_practice,BA17L,157,1.7314318703297737e-08,0.3245351044545627
26,late_practice,BA17R,151,1.9188605038470266e-19,0.49784914899626526
26,late_practice,BA18L,724,7.33452903771004e-13,0.40608969755951774
26,late_practice,BA18R,717,5.619957550498981e-19,0.492178275368792
26,late_practice,BA19L,761,0.0008295995754871189,0.19591181871400304
26,late_practice,BA19R,800,1.3222006946239227e-17,0.47487535736854325
26,late_practice,BA20L,360,0.5253650523266737,-0.03757364788407849
26,late_practice,BA20R,359,0.05239243641980514,0.11443131966614231
26,late_practice,BA37L,308,0.4704216470541831,0.04269836316186515
26,late_practice,BA37R,302,9.11940853142054e-08,0.30849458049289513
26,late_practice,BA38L,304,0.870959217954435,0.00961346794724581
26,late_practice,BA38R,302,0.0001075116178861189,0.2262356801885222
27,early_practice,BA17L,157,3.099799228040345e-38,0.6656780907020698
27,early_practice,BA17R,151,7.042654117493932e-31,0.6111195107975003
27,early_practice,BA18L,724,4.584162973126019e-30,0.6043627556576341
27,early_practice,BA18R,717,1.2864176442830611e-34,0.6402186387109622
27,early_practice,BA19L,761,1.9041322945879493e-14,0.43085529479606116
27,early_practice,BA19R,800,9.425122726968612e-16,0.4498255931661983
27,early_practice,BA20L,360,0.8307012925971808,-0.012652939612935454
27,early_practice,BA20R,359,0.10528010090415978,0.09564332316726448
27,early_practice,BA37L,308,0.35034752731871627,0.05522967040065438
27,early_practice,BA37R,302,0.002628610102692915,0.17662820245920346
27,early_practice,BA38L,304,0.7033470911350476,0.02253436942266543
27,early_practice,BA38R,302,0.13060016511668343,0.08929040100792839
27,late_practice,BA17L,157,3.8889117246256286e-76,0.8348873596978437
27,late_practice,BA17R,151,5.324354376144104e-52,0.7439700854336662
27,late_practice,BA18L,724,3.3510734551139754e-141,0.9453269107467415
27,late_practice,BA18R,717,2.1124034561835867e-135,0.9398069078613319
27,late_practice,BA19L,761,3.199113589061459e-38,0.6655862277739668
27,late_practice,BA19R,800,2.7905243213242988e-30,0.606169016453056
27,late_practice,BA20L,360,0.1666218008812672,0.0817213557976133
27,late_practice,BA20R,359,0.21497271907774584,0.07328855801949608
27,late_practice,BA37L,308,0.1319313097886478,0.08898390030003746
27,late_practice,BA37R,302,0.0007704125819836603,0.1970889281205279
27,late_practice,BA38L,304,0.19474290580786072,0.07662819409253821
27,late_practice,BA38R,302,0.002285718254876266,0.1790675736782423
28,early_practice,BA17L,157,4.0828550677147605e-18,0.48142842759111376
28,early_practice,BA17R,151,1.714908963099664e-16,0.46007760526792835
28,early_practice,BA18L,724,1.2565085904204068e-44,0.7052611252000186
28,early_practice,BA18R,717,2.8318929140485825e-48,0.7252363434528778
28,early_practice,BA19L,761,4.395769492486562e-13,0.40968748521911436
28,early_practice,BA19R,800,5.141270259358909e-30,0.6039437594819359
28,early_practice,BA20L,360,0.15903436587096206,0.08320433653498008
28,early_practice,BA20R,359,0.7171144661531197,-0.02144057822348727
28,early_practice,BA37L,308,0.10932090880818125,0.09455443896959984
28,early_practice,BA37R,302,0.011886795799402732,0.14805262905957858
28,early_practice,BA38L,304,0.89592360963097,0.007741755493312911
28,early_practice,BA38R,302,0.9589211691110333,-0.0030483554976087554
28,late_practice,BA17L,157,8.45304899817537e-47,0.717364323603594
28,late_practice,BA17R,151,7.126907943930444e-21,0.5145976101595053
28,late_practice,BA18L,724,4.113324268516632e-27,0.5783984711504887
28,late_practice,BA18R,717,9.275996491375827e-65,0.7976461168450415
28,late_practice,BA19L,761,2.5452410802445533e-07,0.29808628189583386
28,late_practice,BA19R,800,2.5988536673617294e-22,0.5305561923311826
28,late_practice,BA20L,360,0.5712855941529538,0.03349756375954052
28,late_practice,BA20R,359,0.2768888063362367,-0.06428510618288323
28,late_practice,BA37L,308,0.3733987280091309,-0.05264368910905107
28,late_practice,BA37R,302,0.0605630730177712,0.11072523357882441
28,late_practice,BA38L,304,0.9199667644895156,-0.005946389009697638
28,late_practice,BA38R,302,0.9504352145192431,-0.0036788147272805508
29,early_practice,BA17L,157,5.1497681338654306e-23,0.5380605127967696
29,early_practice,BA17R,151,1.4849310226244336e-24,0.5538720332618655
29,early_practice,BA18L,724,2.76674747147998e-32,0.6224247805506646
29,early_practice,BA18R,717,2.592089821849483e-29,0.5979670109170422
29,early_practice,BA19L,761,2.8401041959033584e-20,0.5076778366161168
29,early_practice,BA19R,800,3.8846224226354774e-17,0.4687391766715576
29,early_practice,BA20L,360,7.814862411170803e-07,0.28622073338593623
29,early_practice,BA20R,359,0.003842553138809988,0.16984171869282672
29,early_practice,BA37L,308,0.008067195867737294,0.15583114474357562
29,early_practice,BA37R,302,0.17057620189805447,0.08096841755602587
29,early_practice,BA38L,304,0.018529961290045527,0.13869303019239945
29,early_practice,BA38R,302,0.006996036633767673,0.15860675635316457
29,late_practice,BA17L,157,1.3370742381489717e-09,0.3475702391837774
29,late_practice,BA17R,151,2.8814054019220225e-09,0.3408606727618271
29,late_practice,BA18L,724,3.0814672949084885e-05,0.24293204842237384
29,late_practice,BA18R,717,2.1923520891700227e-13,0.41450826214594083
29,late_practice,BA19L,761,4.042657432255387e-06,0.2677865200172904
29,late_practice,BA19R,800,0.0004791463756198505,0.20448768604768258
29,late_practice,BA20L,360,0.8171669900429914,-0.013681881598499989
29,late_practice,BA20R,359,0.9010326673965333,0.007359710760038867
29,late_practice,BA37L,308,0.7039223186590814,-0.022488517637555924
29,late_practice,BA37R,302,0.47992481810473425,-0.041789958053479626
29,late_practice,BA38L,304,0.9239069846456063,-0.00565272429505902
29,late_practice,BA38R,302,0.1081472283044918,0.09486739958877734
30,early_practice,BA17L,157,2.604260767987485e-43,0.6976127674564027
30,early_practice,BA17R,151,6.31322607691055e-36,0.6497158475977067
30,early_practice,BA18L,724,1.0310536032388167e-43,0.6999764890428298
30,early_practice,BA18R,717,2.71728270115811e-94,0.8796319913308219
30,early_practice,BA19L,761,7.268262301962623e-21,0.5145004069983468
30,early_practice,BA19R,800,1.63955667062206e-14,0.4318279863974375
30,early_practice,BA20L,360,0.8106986050510462,0.014175076812097738
30,early_practice,BA20R,359,0.08263144048994822,0.10244854489857311
30,early_practice,BA37L,308,0.004725461769067013,0.16604010656838727
30,early_practice,BA37R,302,0.0004947375506567232,0.20399692550178203
30,early_practice,BA38L,304,0.8064199649376261,0.014501847368803259
30,early_practice,BA38R,302,0.051466028162983006,0.11488125223784297
30,late_practice,BA17L,157,1.2761557612821968e-80,0.8474141966248259
30,late_practice,BA17R,151,1.9807413698086242e-66,0.8036636443321158
30,late_practice,BA18L,724,6.719004578132386e-74,0.8282150919904813
30,late_practice,BA18R,717,3.544835913377409e-48,0.7247241768343976
30,late_practice,BA19L,761,6.338428684845451e-24,0.5475020298508096
30,late_practice,BA19R,800,4.781604215693274e-17,0.4675420327174982
30,late_practice,BA20L,360,0.004527291557385466,0.16683390811414686
30,late_practice,BA20R,359,0.12584005836026294,0.09040657086551943
30,late_practice,BA37L,308,0.6872842698100513,0.023820315781646187
30,late_practice,BA37R,302,0.4529032910164829,0.044399840495229013
30,late_practice,BA38L,304,0.16932907897365018,0.08120445675281393
30,late_practice,BA38R,302,0.42848090342090817,0.04683497317815695
31,early_practice,BA17L,157,4.27734910735846e-20,0.5055976925022663
31,early_practice,BA17R,151,5.953184233869532e-25,0.5578150476701325
31,early_practice,BA18L,724,2.7478524373419897e-58,0.7722551778338365
31,early_practice,BA18R,717,2.389599974740417e-53,0.75036823951964
31,early_practice,BA19L,761,2.5005265860925276e-20,0.5083218081421829
31,early_practice,BA19R,800,3.161424656726712e-30,0.6057159920299384
31,early_practice,BA20L,360,0.04675966353172231,0.117277151903288
31,early_practice,BA20R,359,0.14289250536762219,0.08654641314723135
31,early_practice,BA37L,308,0.9764364611003805,0.001748074258022092
31,early_practice,BA37R,302,0.0765498943164349,0.10452953147764639
31,early_practice,BA38L,304,0.7719807160920884,0.017149070431695758
31,early_practice,BA38R,302,0.3192826462720725,0.05889108770629915
31,late_practice,BA17L,157,9.247026273066256e-34,0.6338179147787341
31,late_practice,BA17R,151,2.040315946764122e-29,0.5988592674081848
31,late_practice,BA18L,724,5.069410233088313e-77,0.8374464999425903
31,late_practice,BA18R,717,1.35607062313741e-71,0.8210265843177404
31,late_practice,BA19L,761,4.551543964721089e-28,0.5870635446903899
31,late_practice,BA19R,800,3.8644891709253284e-35,0.6440480942729288
31,late_practice,BA20L,360,0.0889507858744039,0.1004131626874736
31,late_practice,BA20R,359,0.936247753227513,-0.0047338283633757625
31,late_practice,BA37L,308,0.282691224339659,0.06351563153403943
31,late_practice,BA37R,302,0.7823388175354935,-0.016349525361166902
31,late_practice,BA38L,304,0.002217600910153761,0.17959158178888734
31,late_practice,BA38R,302,0.12418268865981505,0.09080287181990634
32,early_practice,BA17L,157,2.7351315582759547e-08,0.32021398571040205
32,early_practice,BA17R,151,1.4178721666191351e-05,0.25273461440919054
32,early_practice,BA18L,724,7.116993981806301e-16,0.45153943758797227
32,early_practice,BA18R,717,3.3640042329870623e-15,0.44193952496156386
32,early_practice,BA19L,761,9.415763342598158e-09,0.33018872729598925
32,early_practice,BA19R,800,5.8067023523853446e-08,0.31294702388795415
32,early_practice,BA20L,360,1.2701051333758112e-06,0.28091074594689075
32,early_practice,BA20R,359,0.8095302626675489,-0.014264262990772764
32,early_practice,BA37L,308,0.04906118758884907,0.11608152672641389
32,early_practice,BA37R,302,0.2503170345604465,0.06795683827350907
32,early_practice,BA38L,304,0.0007854786816318668,0.19678157412562444
32,early_practice,BA38R,302,0.5923746270664285,-0.03167848291576561
32,late_practice,BA17L,157,1.0277407786594024e-09,0.3498335437105327
32,late_practice,BA17R,151,1.8928993203058373e-08,0.3236977910572119
32,late_practice,BA18L,724,2.491813028341609e-23,0.5413660568928917
32,late_practice,BA18R,717,2.8440070999625533e-10,0.3606341908423176
32,late_practice,BA19L,761,0.002667641337979032,0.17636917219592416
32,late_practice,BA19R,800,0.01234221944988216,0.14727948589091974
32,late_practice,BA20L,360,0.3312442690959987,-0.05745527094980682
32,late_practice,BA20R,359,0.282209073050426,-0.06357916222113397
32,late_practice,BA37L,308,0.6361597435442288,-0.02799248074425669
32,late_practice,BA37R,302,0.6508276000308507,0.02678215331431849
32,late_practice,BA38L,304,0.42758907983386374,0.046925383826438356
32,late_practice,BA38R,302,0.014255358006411728,0.14428368713516815
33,early_practice,BA17L,157,1.011755389587708e-14,0.43494562039844215
33,early_practice,BA17R,151,5.975625524957224e-09,0.33433505194310403
33,early_practice,BA18L,724,2.384893914070904e-21,0.5199670529930255
33,early_practice,BA18R,717,1.2451517286750565e-10,0.3673698686093896
33,early_practice,BA19L,761,3.2895441223939995e-07,0.2954199758515495
33,early_practice,BA19R,800,2.188931573782121e-05,0.24730054831778422
33,early_practice,BA20L,360,0.00021762046588216978,0.21624196139428495
33,early_practice,BA20R,359,0.39301650673702754,0.05051940317694548
33,early_practice,BA37L,308,0.409667596455659,0.04876604481212385
33,early_practice,BA37R,302,0.277784820233879,-0.06416557564888806
33,early_practice,BA38L,304,0.14897193643708317,0.08525561632395486
33,early_practice,BA38R,302,5.286402333639814e-05,0.2358681199309237
33,late_practice,BA17L,157,2.38632629115385e-136,0.9407461286762115
33,late_practice,BA17R,151,7.111502539539243e-58,0.7705138084923118
33,late_practice,BA18L,724,1.7600826672850161e-174,0.9683768048775278
33,late_practice,BA18R,717,4.549502101977679e-72,0.8225328181703557
33,late_practice,BA19L,761,5.524964176313624e-65,0.7984688011791061
33,late_practice,BA19R,800,3.93275150095122e-43,0.6965537769740433
33,late_practice,BA20L,360,0.0007562122975444705,0.19738374351821214
33,late_practice,BA20R,359,3.1206561410187333e-07,0.2959700051981261
33,late_practice,BA37L,308,0.4030064418810009,0.04946226483235683
33,late_practice,BA37R,302,0.22202658264709635,0.07217737670507096
33,late_practice,BA38L,304,0.0001783049207624674,0.21911177706702775
33,late_practice,BA38R,302,1.8575835186126809e-06,0.27667586027528396
34,early_practice,BA17L,157,5.636085922742465e-38,0.6639310201310782
34,early_practice,BA17R,151,5.278252497390164e-61,0.7833353865937158
34,early_practice,BA18L,724,5.231564050614965e-92,0.8748050752084375
34,early_practice,BA18R,717,1.224402704272324e-49,0.7322811445699383
34,early_practice,BA19L,761,5.083788416950781e-34,0.6357752693358574
34,early_practice,BA19R,800,9.794478856494908e-33,0.6259563423040347
34,early_practice,BA20L,360,0.02414111899714458,0.132858083719056
34,early_practice,BA20R,359,1.301695220722889e-07,0.3049318827979989
34,early_practice,BA37L,308,0.0033468757062408597,0.17233827622575637
34,early_practice,BA37R,302,8.9085152038115e-05,0.22882662718955504
34,early_practice,BA38L,304,0.0761585119455661,0.10466798342907246
34,early_practice,BA38R,302,3.8824297729518375e-06,0.26825666305554363
34,late_practice,BA17L,157,4.652604470683302e-199,0.9788229033004119
34,late_practice,BA17R,151,2.5958295401163416e-203,0.9802386790735444
34,late_practice,BA18L,724,1.5296718700514725e-139,0.9438029649777453
34,late_practice,BA18R,717,2.1946365756213983e-182,0.9722093333452521
34,late_practice,BA19L,761,2.0108246739432554e-48,0.7260150962534835
34,late_practice,BA19R,800,2.1769967176476166e-67,0.8070262294622874
34,late_practice,BA20L,360,0.00016706003678602067,0.22004195738508325
34,late_practice,BA20R,359,0.00017351566665742147,0.21950103790518222
34,late_practice,BA37L,308,0.00046839486924375436,0.20483481654749708
34,late_practice,BA37R,302,3.430502602999804e-05,0.24154459611821286
34,late_practice,BA38L,304,0.0014094209457466745,0.18727968532097877
34,late_practice,BA38R,302,0.0024303217038688027,0.17800076555080396
35,early_practice,BA17L,157,6.621189082625281e-37,0.6566051343063718
35,early_practice,BA17R,151,2.60599231544128e-35,0.6452909646046627
35,early_practice,BA18L,724,5.8861843218762335e-49,0.7287872912079988
35,early_practice,BA18R,717,1.4874429099790834e-57,0.7691517474925529
35,early_practice,BA19L,761,4.394071169684231e-14,0.4253599232654191
35,early_practice,BA19R,800,4.3113686108538113e-13,0.40982288629214914
35,early_practice,BA20L,360,0.8862069066268434,0.008469250365860964
35,early_practice,BA20R,359,0.049572660452662676,0.11582220258481406
35,early_practice,BA37L,308,0.9786708484191842,0.0015822736393230168
35,early_practice,BA37R,302,0.571006136731815,0.03352187797328167
35,early_practice,BA38L,304,0.3057387270476057,0.060559787380155515
35,early_practice,BA38R,302,0.08647989749951339,0.10119472405108976
35,late_practice,BA17L,157,0.0030700981444810073,0.17388216206424473
35,late_practice,BA17R,151,0.000251733976504024,0.21412068952983682
35,late_practice,BA18L,724,1.4117121591548723e-08,0.3264427200036939
35,late_practice,BA18R,717,7.583081789899889e-11,0.3713402182789781
35,late_practice,BA19L,761,0.006876363734886453,0.1589400397130649
35,late_practice,BA19R,800,0.04365307384160833,0.118971716355094
35,late_practice,BA20L,360,0.1361594476199437,0.08802589342278294
35,late_practice,BA20R,359,0.003326711955890831,0.17244676631376155
35,late_practice,BA37L,308,0.1265715866940353,0.09023293798116973
35,late_practice,BA37R,302,0.7358428991080448,0.01996417672531631
35,late_practice,BA38L,304,0.5255756777321345,0.037554556004910686
35,late_practice,BA38R,302,0.8919732567582911,0.00803737402360681
36,early_practice,BA17L,157,9.16452563585143e-19,0.48956232625543233
36,early_practice,BA17R,151,4.918737948396424e-16,0.45377894090636606
36,early_practice,BA18L,724,1.1194669766057593e-14,0.43429491647206453
36,early_practice,BA18R,717,1.1147310969074206e-19,0.5006756956280127
36,early_practice,BA19L,761,1.0877400997712968e-06,0.28261736763069967
36,early_practice,BA19R,800,1.1440423286211735e-11,0.38600595037091523
36,early_practice,BA20L,360,0.1036377987068958,0.09609531589603738
36,early_practice,BA20R,359,0.2316908676054487,0.07069507599193828
36,early_practice,BA37L,308,0.3211969502602368,0.058658987795300065
36,early_practice,BA37R,302,0.9012526595366802,-0.007343267167262892
36,early_practice,BA38L,304,0.14552553056178255,0.08598232849122037
36,early_practice,BA38R,302,0.03503433120863011,0.12427138286157954
36,late_practice,BA17L,157,1.779873272319925e-18,0.48597522191147235
36,late_practice,BA17R,151,9.811951125318236e-23,0.5350943054836221
36,late_practice,BA18L,724,1.5620558872496387e-40,0.68064018459591
36,late_practice,BA18R,717,8.097682776566576e-29,0.593682175989321
36,late_practice,BA19L,761,3.4153795104491475e-24,0.5502327783757099
36,late_practice,BA19R,800,1.0525782246669794e-10,0.3687210725949398
36,late_practice,BA20L,360,0.005264540927570164,0.16402330403567306
36,late_practice,BA20R,359,0.8335293438569327,-0.012438427763939133
36,late_practice,BA37L,308,0.0001388972569836471,0.22265722524374168
36,late_practice,BA37R,302,0.9631371137845607,0.0027352665944730403
36,late_practice,BA38L,304,0.08335138319234474,0.10221046455367871
36,late_practice,BA38R,302,0.0414870163020382,0.12021423048948904
37,early_practice,BA17L,157,3.8528922553299424e-07,0.29376339011534447
37,early_practice,BA17R,151,2.47842901975331e-12,0.39735479472909313
37,early_practice,BA18L,724,4.26168334317646e-16,0.4546437481262696
37,early_practice,BA18R,717,5.605865059985121e-27,0.5771588910775554
37,early_practice,BA19L,761,1.0606451018883605e-19,0.5009332306976695
37,early_practice,BA19R,800,2.2533663765357534e-20,0.5088471234648672
37,early_practice,BA20L,360,0.03282146188996356,0.12580954270508238
37,early_practice,BA20R,359,0.03407191166161647,0.12492989979399496
37,early_practice,BA37L,308,0.07469722609574594,0.10519007315643708
37,early_practice,BA37R,302,0.04433897821100758,0.11858906782756004
37,early_practice,BA38L,304,0.18102981537829219,0.07903868220805826
37,early_practice,BA38R,302,0.09024173801028869,0.1000117259481937
37,late_practice,BA17L,157,4.535307300566324e-34,0.6361471980031677
37,late_practice,BA17R,151,1.1871284441376378e-83,0.8552909951272559
37,late_practice,BA18L,724,2.057515680015438e-48,0.7259629729334661
37,late_practice,BA18R,717,3.31432628657736e-98,0.8874442795201478
37,late_practice,BA19L,761,1.4911566110917794e-20,0.5109221708754195
37,late_practice,BA19R,800,7.919409834856282e-32,0.61880181640472
37,late_practice,BA20L,360,0.03220344754435075,0.12625487607762143
37,late_practice,BA20R,359,0.4944068880815066,0.04042415087911949
37,late_practice,BA37L,308,0.1930837759649221,0.07691308413084944
37,late_practice,BA37R,302,0.0003989727860030204,0.2072725302782673
37,late_practice,BA38L,304,0.0005071273762110086,0.20361705838993335
37,late_practice,BA38R,302,0.0512680171282566,0.11497829453464561
38,early_practice,BA17L,157,1.4933564873346299e-06,0.2791155950946659
38,early_practice,BA17R,151,1.801288187571391e-07,0.3016377130818224
38,early_practice,BA18L,724,2.477859003769671e-23,0.541391486209869
38,early_practice,BA18R,717,5.263568077363555e-38,0.664131443271959
38,early_practice,BA19L,761,1.0328442329513102e-11,0.38677835642457137
38,early_practice,BA19R,800,9.049043415220789e-05,0.22861205805243462
38,early_practice,BA20L,360,0.0015230566321460654,0.18598532299537543
38,early_practice,BA20R,359,0.15056184535862138,0.08492466628538922
38,early_practice,BA37L,308,0.004928047726253197,0.1652590184484517
38,early_practice,BA37R,302,0.012308176170232171,0.147336401704316
38,early_practice,BA38L,304,0.022725193695480157,0.13420963406634054
38,early_practice,BA38R,302,0.1511089332290839,0.08481139941817417
38,late_practice,BA17L,157,5.1801650968552085e-23,0.5380335652543312
38,late_practice,BA17R,151,1.0533819016216825e-35,0.6481264991820221
38,late_practice,BA18L,724,5.618369261316865e-52,0.7438575751216332
38,late_practice,BA18R,717,4.290229389299991e-94,0.8792209276945733
38,late_practice,BA19L,761,7.712873154524276e-11,0.37120523932986166
38,late_practice,BA19R,800,1.11280439901317e-19,0.5006846567548676
38,late_practice,BA20L,360,1.3297850751392512e-05,0.25352691319024484
38,late_practice,BA20R,359,0.16677290032915157,0.08169234176385115
38,late_practice,BA37L,308,0.570639762214488,0.033553762954180485
38,late_practice,BA37R,302,0.08088146654451911,0.10303430389440973
38,late_practice,BA38L,304,0.0032441827373786594,0.17289711323096157
38,late_practice,BA38R,302,0.016770483140637244,0.1408416804861392
42,early_practice,BA17L,157,8.324399606381283e-23,0.5358535870008272
42,early_practice,BA17R,151,2.635992976647735e-37,0.6593679483379677
42,early_practice,BA18L,724,1.4560856886489395e-17,0.4743311733587716
42,early_practice,BA18R,717,1.8029968254680008e-54,0.7555511715841906
42,early_practice,BA19L,761,4.172713369267599e-30,0.6047058455645702
42,early_practice,BA19R,800,1.086060582010674e-18,0.48864871846976415
42,early_practice,BA20L,360,0.0011982369902066793,0.18996270973413076
42,early_practice,BA20R,359,3.5920448160369276e-07,0.2944993354275256
42,early_practice,BA37L,308,0.02465704886955644,0.13238258156821173
42,early_practice,BA37R,302,0.01343502353409762,0.14552210194321175
42,early_practice,BA38L,304,0.00949177317647441,0.15260937833057198
42,early_practice,BA38R,302,0.016401442683020427,0.1413171732253854
42,late_practice,BA17L,157,0.24844809979406737,-0.06822502659246789
42,late_practice,BA17R,151,0.608381526185129,0.030317489006184473
42,late_practice,BA18L,724,0.07610866443596238,0.10468565845804936
42,late_practice,BA18R,717,0.02004414592577548,0.1369817763086667
42,late_practice,BA19L,761,0.0055301575436602635,0.16309703556075336
42,late_practice,BA19R,800,0.18891145822355693,0.07763751263358588
42,late_practice,BA20L,360,0.6165902711499675,-0.029625725142562932
42,late_practice,BA20R,359,0.9052060893869464,-0.00704785788686018
42,late_practice,BA37L,308,0.31079407409112486,-0.05993137157889318
42,late_practice,BA37R,302,0.861432953490492,0.01033012982215013
42,late_practice,BA38L,304,0.1642353295096761,-0.08218223737161436
42,late_practice,BA38R,302,0.787779998236066,-0.015930714604161775
44,early_practice,BA17L,157,2.6422967956086918e-08,0.32054271058064526
44,early_practice,BA17R,151,9.677695978074554e-14,0.42007793559095397
44,early_practice,BA18L,724,1.8945967233686848e-16,0.4594874815883452
44,early_practice,BA18R,717,2.4026406069515513e-25,0.5616780889632962
44,early_practice,BA19L,761,3.6779635939070013e-19,0.4944282392982662
44,early_practice,BA19R,800,1.3858865332393755e-16,0.46133534176704183
44,early_practice,BA20L,360,0.0005034951471346237,0.20372752121226728
44,early_practice,BA20R,359,2.176904862497689e-05,0.24737027041211335
44,early_practice,BA37L,308,0.15193960222852845,0.0846400138012201
44,early_practice,BA37R,302,0.004194160439859119,0.16824177189459644
44,early_practice,BA38L,304,0.12418783006407991,0.09080163610934747
44,early_practice,BA38R,302,0.1283546608093263,0.08981294588537013
44,late_practice,BA17L,157,1.6041861710947368e-25,0.5633817957689178
44,late_practice,BA17R,151,3.8106177625034205e-52,0.7446689427846814
44,late_practice,BA18L,724,2.441587881874276e-64,0.79609924957795
44,late_practice,BA18R,717,3.858388134701926e-79,0.8433976603917337
44,late_practice,BA19L,761,2.9116411879379207e-27,0.5797757276983388
44,late_practice,BA19R,800,2.1540265948762396e-71,0.8203840894972602
44,late_practice,BA20L,360,3.5371197831007764e-06,0.269336192901061
44,late_practice,BA20R,359,2.4361689451261515e-06,0.2736117371846123
44,late_practice,BA37L,308,0.0023671104797672125,0.17845979108422502
44,late_practice,BA37R,302,0.17620308144229996,0.0799191312045669
44,late_practice,BA38L,304,0.003486702171479438,0.17160183036412285
44,late_practice,BA38R,302,0.00025877505118553806,0.2137165063869097
